{
  "project_info": {
    "project_number": "460536689477",
    "project_id": "group-capstone-dde0d",
    "storage_bucket": "group-capstone-dde0d.appspot.com"
  },
  "client": [
    {
      "client_info": {
        "mobilesdk_app_id": "1:460536689477:android:1b6e954411b0ba8746c42c",
        "android_client_info": {
          "package_name": "com.example.code"
        }
      },
      "oauth_client": [],
      "api_key": [
        {
          "current_key": "AIzaSyCqOuIQ-cdITd7Xx5eBpHcmX9CplLLF2Do"
        }
      ],
      "services": {
        "appinvite_service": {
          "other_platform_oauth_client": []
        }
      }
    },
    {
      "client_info": {
        "mobilesdk_app_id": "1:460536689477:android:0a140f4509918e5f46c42c",
        "android_client_info": {
          "package_name": "com.group.capstone"
        }
      },
      "oauth_client": [],
      "api_key": [
        {
          "current_key": "AIzaSyCqOuIQ-cdITd7Xx5eBpHcmX9CplLLF2Do"
        }
      ],
      "services": {
        "appinvite_service": {
          "other_platform_oauth_client": []
        }
      }
    }
  ],
  "configuration_version": "1"
}